Part_Number,SKU,Make,link
323-1063,921486,Chevrolet,https://www.autozone.com/external/product-discovery/product/v1/products/921486/fitments?country=USA&customerType=B2C&salesChannel=ECOMM&preview=false&lineCode=DUR&partNumber=323-1063
323-1063,921486,Pontiac,https://www.autozone.com/external/product-discovery/product/v1/products/921486/fitments?country=USA&customerType=B2C&salesChannel=ECOMM&preview=false&lineCode=DUR&partNumber=323-1063
323-1064,1237915,Chevrolet,https://www.autozone.com/external/product-discovery/product/v1/products/1237915/fitments?country=USA&customerType=B2C&salesChannel=ECOMM&preview=false&lineCode=DUR&partNumber=323-1064
323-1064,1237915,GMC,https://www.autozone.com/external/product-discovery/product/v1/products/1237915/fitments?country=USA&customerType=B2C&salesChannel=ECOMM&preview=false&lineCode=DUR&partNumber=323-1064
323-1396,1237654,Buick,https://www.autozone.com/external/product-discovery/product/v1/products/1237654/fitments?country=USA&customerType=B2C&salesChannel=ECOMM&preview=false&lineCode=DUR&partNumber=323-1396
323-1396,1237654,Chevrolet,https://www.autozone.com/external/product-discovery/product/v1/products/1237654/fitments?country=USA&customerType=B2C&salesChannel=ECOMM&preview=false&lineCode=DUR&partNumber=323-1396
323-1396,1237654,GMC,https://www.autozone.com/external/product-discovery/product/v1/products/1237654/fitments?country=USA&customerType=B2C&salesChannel=ECOMM&preview=false&lineCode=DUR&partNumber=323-1396
323-1396,1237654,Oldsmobile,https://www.autozone.com/external/product-discovery/product/v1/products/1237654/fitments?country=USA&customerType=B2C&salesChannel=ECOMM&preview=false&lineCode=DUR&partNumber=323-1396
323-1396,1237654,Pontiac,https://www.autozone.com/external/product-discovery/product/v1/products/1237654/fitments?country=USA&customerType=B2C&salesChannel=ECOMM&preview=false&lineCode=DUR&partNumber=323-1396
323-1471,1253869,Chevrolet,https://www.autozone.com/external/product-discovery/product/v1/products/1253869/fitments?country=USA&customerType=B2C&salesChannel=ECOMM&preview=false&lineCode=DUR&partNumber=323-1471
323-1471,1253869,GMC,https://www.autozone.com/external/product-discovery/product/v1/products/1253869/fitments?country=USA&customerType=B2C&salesChannel=ECOMM&preview=false&lineCode=DUR&partNumber=323-1471
323-1475,1237961,Cadillac,https://www.autozone.com/external/product-discovery/product/v1/products/1237961/fitments?country=USA&customerType=B2C&salesChannel=ECOMM&preview=false&lineCode=DUR&partNumber=323-1475
323-1475,1237961,Chevrolet,https://www.autozone.com/external/product-discovery/product/v1/products/1237961/fitments?country=USA&customerType=B2C&salesChannel=ECOMM&preview=false&lineCode=DUR&partNumber=323-1475
323-1475,1237961,GMC,https://www.autozone.com/external/product-discovery/product/v1/products/1237961/fitments?country=USA&customerType=B2C&salesChannel=ECOMM&preview=false&lineCode=DUR&partNumber=323-1475
323-1476,1254227,Chevrolet,https://www.autozone.com/external/product-discovery/product/v1/products/1254227/fitments?country=USA&customerType=B2C&salesChannel=ECOMM&preview=false&lineCode=DUR&partNumber=323-1476
323-1476,1254227,GMC,https://www.autozone.com/external/product-discovery/product/v1/products/1254227/fitments?country=USA&customerType=B2C&salesChannel=ECOMM&preview=false&lineCode=DUR&partNumber=323-1476
323-1476,1254227,Isuzu,https://www.autozone.com/external/product-discovery/product/v1/products/1254227/fitments?country=USA&customerType=B2C&salesChannel=ECOMM&preview=false&lineCode=DUR&partNumber=323-1476
323-1476,1254227,Oldsmobile,https://www.autozone.com/external/product-discovery/product/v1/products/1254227/fitments?country=USA&customerType=B2C&salesChannel=ECOMM&preview=false&lineCode=DUR&partNumber=323-1476
323-1481,1254890,Cadillac,https://www.autozone.com/external/product-discovery/product/v1/products/1254890/fitments?country=USA&customerType=B2C&salesChannel=ECOMM&preview=false&lineCode=DUR&partNumber=323-1481
323-1481,1254890,Chevrolet,https://www.autozone.com/external/product-discovery/product/v1/products/1254890/fitments?country=USA&customerType=B2C&salesChannel=ECOMM&preview=false&lineCode=DUR&partNumber=323-1481
323-1481,1254890,GMC,https://www.autozone.com/external/product-discovery/product/v1/products/1254890/fitments?country=USA&customerType=B2C&salesChannel=ECOMM&preview=false&lineCode=DUR&partNumber=323-1481
323-1621,1237585,Buick,https://www.autozone.com/external/product-discovery/product/v1/products/1237585/fitments?country=USA&customerType=B2C&salesChannel=ECOMM&preview=false&lineCode=DUR&partNumber=323-1621
323-1621,1237585,Chevrolet,https://www.autozone.com/external/product-discovery/product/v1/products/1237585/fitments?country=USA&customerType=B2C&salesChannel=ECOMM&preview=false&lineCode=DUR&partNumber=323-1621
323-1621,1237585,GMC,https://www.autozone.com/external/product-discovery/product/v1/products/1237585/fitments?country=USA&customerType=B2C&salesChannel=ECOMM&preview=false&lineCode=DUR&partNumber=323-1621
323-1621,1237585,Hummer,https://www.autozone.com/external/product-discovery/product/v1/products/1237585/fitments?country=USA&customerType=B2C&salesChannel=ECOMM&preview=false&lineCode=DUR&partNumber=323-1621
323-1621,1237585,Isuzu,https://www.autozone.com/external/product-discovery/product/v1/products/1237585/fitments?country=USA&customerType=B2C&salesChannel=ECOMM&preview=false&lineCode=DUR&partNumber=323-1621
323-1621,1237585,Oldsmobile,https://www.autozone.com/external/product-discovery/product/v1/products/1237585/fitments?country=USA&customerType=B2C&salesChannel=ECOMM&preview=false&lineCode=DUR&partNumber=323-1621
323-1621,1237585,Saab,https://www.autozone.com/external/product-discovery/product/v1/products/1237585/fitments?country=USA&customerType=B2C&salesChannel=ECOMM&preview=false&lineCode=DUR&partNumber=323-1621
323-1622,1237912,Cadillac,https://www.autozone.com/external/product-discovery/product/v1/products/1237912/fitments?country=USA&customerType=B2C&salesChannel=ECOMM&preview=false&lineCode=DUR&partNumber=323-1622
323-1622,1237912,Chevrolet,https://www.autozone.com/external/product-discovery/product/v1/products/1237912/fitments?country=USA&customerType=B2C&salesChannel=ECOMM&preview=false&lineCode=DUR&partNumber=323-1622
323-1622,1237912,GMC,https://www.autozone.com/external/product-discovery/product/v1/products/1237912/fitments?country=USA&customerType=B2C&salesChannel=ECOMM&preview=false&lineCode=DUR&partNumber=323-1622
323-1622,1237912,Hummer,https://www.autozone.com/external/product-discovery/product/v1/products/1237912/fitments?country=USA&customerType=B2C&salesChannel=ECOMM&preview=false&lineCode=DUR&partNumber=323-1622
323-1624,82783,Chevrolet,https://www.autozone.com/external/product-discovery/product/v1/products/82783/fitments?country=USA&customerType=B2C&salesChannel=ECOMM&preview=false&lineCode=DUR&partNumber=323-1624
323-1624,82783,GMC,https://www.autozone.com/external/product-discovery/product/v1/products/82783/fitments?country=USA&customerType=B2C&salesChannel=ECOMM&preview=false&lineCode=DUR&partNumber=323-1624
323-1625,605433,Chevrolet,https://www.autozone.com/external/product-discovery/product/v1/products/605433/fitments?country=USA&customerType=B2C&salesChannel=ECOMM&preview=false&lineCode=DUR&partNumber=323-1625
323-1626,1254592,Buick,https://www.autozone.com/external/product-discovery/product/v1/products/1254592/fitments?country=USA&customerType=B2C&salesChannel=ECOMM&preview=false&lineCode=DUR&partNumber=323-1626
323-1626,1254592,Chevrolet,https://www.autozone.com/external/product-discovery/product/v1/products/1254592/fitments?country=USA&customerType=B2C&salesChannel=ECOMM&preview=false&lineCode=DUR&partNumber=323-1626
323-1626,1254592,GMC,https://www.autozone.com/external/product-discovery/product/v1/products/1254592/fitments?country=USA&customerType=B2C&salesChannel=ECOMM&preview=false&lineCode=DUR&partNumber=323-1626
323-1626,1254592,Oldsmobile,https://www.autozone.com/external/product-discovery/product/v1/products/1254592/fitments?country=USA&customerType=B2C&salesChannel=ECOMM&preview=false&lineCode=DUR&partNumber=323-1626
323-1626,1254592,Pontiac,https://www.autozone.com/external/product-discovery/product/v1/products/1254592/fitments?country=USA&customerType=B2C&salesChannel=ECOMM&preview=false&lineCode=DUR&partNumber=323-1626
323-1626,1254592,Saturn,https://www.autozone.com/external/product-discovery/product/v1/products/1254592/fitments?country=USA&customerType=B2C&salesChannel=ECOMM&preview=false&lineCode=DUR&partNumber=323-1626
323-1627,1253750,Buick,https://www.autozone.com/external/product-discovery/product/v1/products/1253750/fitments?country=USA&customerType=B2C&salesChannel=ECOMM&preview=false&lineCode=DUR&partNumber=323-1627
323-1627,1253750,Chevrolet,https://www.autozone.com/external/product-discovery/product/v1/products/1253750/fitments?country=USA&customerType=B2C&salesChannel=ECOMM&preview=false&lineCode=DUR&partNumber=323-1627
323-1627,1253750,Pontiac,https://www.autozone.com/external/product-discovery/product/v1/products/1253750/fitments?country=USA&customerType=B2C&salesChannel=ECOMM&preview=false&lineCode=DUR&partNumber=323-1627
323-1630,1256216,Buick,https://www.autozone.com/external/product-discovery/product/v1/products/1256216/fitments?country=USA&customerType=B2C&salesChannel=ECOMM&preview=false&lineCode=DUR&partNumber=323-1630
323-1630,1256216,Chevrolet,https://www.autozone.com/external/product-discovery/product/v1/products/1256216/fitments?country=USA&customerType=B2C&salesChannel=ECOMM&preview=false&lineCode=DUR&partNumber=323-1630
323-1630,1256216,Pontiac,https://www.autozone.com/external/product-discovery/product/v1/products/1256216/fitments?country=USA&customerType=B2C&salesChannel=ECOMM&preview=false&lineCode=DUR&partNumber=323-1630
323-1630,1256216,Saturn,https://www.autozone.com/external/product-discovery/product/v1/products/1256216/fitments?country=USA&customerType=B2C&salesChannel=ECOMM&preview=false&lineCode=DUR&partNumber=323-1630
323-1631,82786,Chevrolet,https://www.autozone.com/external/product-discovery/product/v1/products/82786/fitments?country=USA&customerType=B2C&salesChannel=ECOMM&preview=false&lineCode=DUR&partNumber=323-1631
323-1631,82786,Pontiac,https://www.autozone.com/external/product-discovery/product/v1/products/82786/fitments?country=USA&customerType=B2C&salesChannel=ECOMM&preview=false&lineCode=DUR&partNumber=323-1631
323-1631,82786,Saturn,https://www.autozone.com/external/product-discovery/product/v1/products/82786/fitments?country=USA&customerType=B2C&salesChannel=ECOMM&preview=false&lineCode=DUR&partNumber=323-1631
323-1632,1254991,Chevrolet,https://www.autozone.com/external/product-discovery/product/v1/products/1254991/fitments?country=USA&customerType=B2C&salesChannel=ECOMM&preview=false&lineCode=DUR&partNumber=323-1632
323-1632,1254991,Oldsmobile,https://www.autozone.com/external/product-discovery/product/v1/products/1254991/fitments?country=USA&customerType=B2C&salesChannel=ECOMM&preview=false&lineCode=DUR&partNumber=323-1632
323-1632,1254991,Pontiac,https://www.autozone.com/external/product-discovery/product/v1/products/1254991/fitments?country=USA&customerType=B2C&salesChannel=ECOMM&preview=false&lineCode=DUR&partNumber=323-1632
323-1632,1254991,Saturn,https://www.autozone.com/external/product-discovery/product/v1/products/1254991/fitments?country=USA&customerType=B2C&salesChannel=ECOMM&preview=false&lineCode=DUR&partNumber=323-1632
323-1633,1237687,Buick,https://www.autozone.com/external/product-discovery/product/v1/products/1237687/fitments?country=USA&customerType=B2C&salesChannel=ECOMM&preview=false&lineCode=DUR&partNumber=323-1633
323-1633,1237687,Cadillac,https://www.autozone.com/external/product-discovery/product/v1/products/1237687/fitments?country=USA&customerType=B2C&salesChannel=ECOMM&preview=false&lineCode=DUR&partNumber=323-1633
323-1633,1237687,Pontiac,https://www.autozone.com/external/product-discovery/product/v1/products/1237687/fitments?country=USA&customerType=B2C&salesChannel=ECOMM&preview=false&lineCode=DUR&partNumber=323-1633
323-1637,82787,Cadillac,https://www.autozone.com/external/product-discovery/product/v1/products/82787/fitments?country=USA&customerType=B2C&salesChannel=ECOMM&preview=false&lineCode=DUR&partNumber=323-1637
323-1637,82787,Chevrolet,https://www.autozone.com/external/product-discovery/product/v1/products/82787/fitments?country=USA&customerType=B2C&salesChannel=ECOMM&preview=false&lineCode=DUR&partNumber=323-1637
323-1637,82787,GMC,https://www.autozone.com/external/product-discovery/product/v1/products/82787/fitments?country=USA&customerType=B2C&salesChannel=ECOMM&preview=false&lineCode=DUR&partNumber=323-1637
323-1637,82787,Hummer,https://www.autozone.com/external/product-discovery/product/v1/products/82787/fitments?country=USA&customerType=B2C&salesChannel=ECOMM&preview=false&lineCode=DUR&partNumber=323-1637
323-1637,82787,Saab,https://www.autozone.com/external/product-discovery/product/v1/products/82787/fitments?country=USA&customerType=B2C&salesChannel=ECOMM&preview=false&lineCode=DUR&partNumber=323-1637
323-1638,1237923,Buick,https://www.autozone.com/external/product-discovery/product/v1/products/1237923/fitments?country=USA&customerType=B2C&salesChannel=ECOMM&preview=false&lineCode=DUR&partNumber=323-1638
323-1638,1237923,Chevrolet,https://www.autozone.com/external/product-discovery/product/v1/products/1237923/fitments?country=USA&customerType=B2C&salesChannel=ECOMM&preview=false&lineCode=DUR&partNumber=323-1638
323-1638,1237923,Pontiac,https://www.autozone.com/external/product-discovery/product/v1/products/1237923/fitments?country=USA&customerType=B2C&salesChannel=ECOMM&preview=false&lineCode=DUR&partNumber=323-1638
323-1639,1255854,Buick,https://www.autozone.com/external/product-discovery/product/v1/products/1255854/fitments?country=USA&customerType=B2C&salesChannel=ECOMM&preview=false&lineCode=DUR&partNumber=323-1639
323-1639,1255854,Chevrolet,https://www.autozone.com/external/product-discovery/product/v1/products/1255854/fitments?country=USA&customerType=B2C&salesChannel=ECOMM&preview=false&lineCode=DUR&partNumber=323-1639
323-1639,1255854,GMC,https://www.autozone.com/external/product-discovery/product/v1/products/1255854/fitments?country=USA&customerType=B2C&salesChannel=ECOMM&preview=false&lineCode=DUR&partNumber=323-1639
323-1639,1255854,Hummer,https://www.autozone.com/external/product-discovery/product/v1/products/1255854/fitments?country=USA&customerType=B2C&salesChannel=ECOMM&preview=false&lineCode=DUR&partNumber=323-1639
323-1639,1255854,Isuzu,https://www.autozone.com/external/product-discovery/product/v1/products/1255854/fitments?country=USA&customerType=B2C&salesChannel=ECOMM&preview=false&lineCode=DUR&partNumber=323-1639
323-1639,1255854,Saab,https://www.autozone.com/external/product-discovery/product/v1/products/1255854/fitments?country=USA&customerType=B2C&salesChannel=ECOMM&preview=false&lineCode=DUR&partNumber=323-1639
323-1640,1237667,Chevrolet,https://www.autozone.com/external/product-discovery/product/v1/products/1237667/fitments?country=USA&customerType=B2C&salesChannel=ECOMM&preview=false&lineCode=DUR&partNumber=323-1640
323-1642,82788,Chevrolet,https://www.autozone.com/external/product-discovery/product/v1/products/82788/fitments?country=USA&customerType=B2C&salesChannel=ECOMM&preview=false&lineCode=DUR&partNumber=323-1642
323-1642,82788,Pontiac,https://www.autozone.com/external/product-discovery/product/v1/products/82788/fitments?country=USA&customerType=B2C&salesChannel=ECOMM&preview=false&lineCode=DUR&partNumber=323-1642
323-1642,82788,Saturn,https://www.autozone.com/external/product-discovery/product/v1/products/82788/fitments?country=USA&customerType=B2C&salesChannel=ECOMM&preview=false&lineCode=DUR&partNumber=323-1642
323-1644,605432,Buick,https://www.autozone.com/external/product-discovery/product/v1/products/605432/fitments?country=USA&customerType=B2C&salesChannel=ECOMM&preview=false&lineCode=DUR&partNumber=323-1644
323-1644,605432,Cadillac,https://www.autozone.com/external/product-discovery/product/v1/products/605432/fitments?country=USA&customerType=B2C&salesChannel=ECOMM&preview=false&lineCode=DUR&partNumber=323-1644
323-1644,605432,Chevrolet,https://www.autozone.com/external/product-discovery/product/v1/products/605432/fitments?country=USA&customerType=B2C&salesChannel=ECOMM&preview=false&lineCode=DUR&partNumber=323-1644
323-1644,605432,GMC,https://www.autozone.com/external/product-discovery/product/v1/products/605432/fitments?country=USA&customerType=B2C&salesChannel=ECOMM&preview=false&lineCode=DUR&partNumber=323-1644
323-1644,605432,Isuzu,https://www.autozone.com/external/product-discovery/product/v1/products/605432/fitments?country=USA&customerType=B2C&salesChannel=ECOMM&preview=false&lineCode=DUR&partNumber=323-1644
323-1644,605432,Saab,https://www.autozone.com/external/product-discovery/product/v1/products/605432/fitments?country=USA&customerType=B2C&salesChannel=ECOMM&preview=false&lineCode=DUR&partNumber=323-1644
323-1653,1237749,Chevrolet,https://www.autozone.com/external/product-discovery/product/v1/products/1237749/fitments?country=USA&customerType=B2C&salesChannel=ECOMM&preview=false&lineCode=DUR&partNumber=323-1653
323-1653,1237749,GMC,https://www.autozone.com/external/product-discovery/product/v1/products/1237749/fitments?country=USA&customerType=B2C&salesChannel=ECOMM&preview=false&lineCode=DUR&partNumber=323-1653
323-1653,1237749,Hummer,https://www.autozone.com/external/product-discovery/product/v1/products/1237749/fitments?country=USA&customerType=B2C&salesChannel=ECOMM&preview=false&lineCode=DUR&partNumber=323-1653
323-1653,1237749,Isuzu,https://www.autozone.com/external/product-discovery/product/v1/products/1237749/fitments?country=USA&customerType=B2C&salesChannel=ECOMM&preview=false&lineCode=DUR&partNumber=323-1653
323-1653,1237749,Saab,https://www.autozone.com/external/product-discovery/product/v1/products/1237749/fitments?country=USA&customerType=B2C&salesChannel=ECOMM&preview=false&lineCode=DUR&partNumber=323-1653
323-1656,1254952,Chevrolet,https://www.autozone.com/external/product-discovery/product/v1/products/1254952/fitments?country=USA&customerType=B2C&salesChannel=ECOMM&preview=false&lineCode=DUR&partNumber=323-1656
323-1656,1254952,GMC,https://www.autozone.com/external/product-discovery/product/v1/products/1254952/fitments?country=USA&customerType=B2C&salesChannel=ECOMM&preview=false&lineCode=DUR&partNumber=323-1656
323-1660,82789,Cadillac,https://www.autozone.com/external/product-discovery/product/v1/products/82789/fitments?country=USA&customerType=B2C&salesChannel=ECOMM&preview=false&lineCode=DUR&partNumber=323-1660
323-1661,921750,Cadillac,https://www.autozone.com/external/product-discovery/product/v1/products/921750/fitments?country=USA&customerType=B2C&salesChannel=ECOMM&preview=false&lineCode=DUR&partNumber=323-1661
323-1661,921750,Chevrolet,https://www.autozone.com/external/product-discovery/product/v1/products/921750/fitments?country=USA&customerType=B2C&salesChannel=ECOMM&preview=false&lineCode=DUR&partNumber=323-1661
323-1661,921750,GMC,https://www.autozone.com/external/product-discovery/product/v1/products/921750/fitments?country=USA&customerType=B2C&salesChannel=ECOMM&preview=false&lineCode=DUR&partNumber=323-1661
323-1661,921750,Hummer,https://www.autozone.com/external/product-discovery/product/v1/products/921750/fitments?country=USA&customerType=B2C&salesChannel=ECOMM&preview=false&lineCode=DUR&partNumber=323-1661
323-1661,921750,Saab,https://www.autozone.com/external/product-discovery/product/v1/products/921750/fitments?country=USA&customerType=B2C&salesChannel=ECOMM&preview=false&lineCode=DUR&partNumber=323-1661
323-1662,921794,Chevrolet,https://www.autozone.com/external/product-discovery/product/v1/products/921794/fitments?country=USA&customerType=B2C&salesChannel=ECOMM&preview=false&lineCode=DUR&partNumber=323-1662
323-1662,921794,GMC,https://www.autozone.com/external/product-discovery/product/v1/products/921794/fitments?country=USA&customerType=B2C&salesChannel=ECOMM&preview=false&lineCode=DUR&partNumber=323-1662
323-1662,921794,Hummer,https://www.autozone.com/external/product-discovery/product/v1/products/921794/fitments?country=USA&customerType=B2C&salesChannel=ECOMM&preview=false&lineCode=DUR&partNumber=323-1662
323-1662,921794,Saab,https://www.autozone.com/external/product-discovery/product/v1/products/921794/fitments?country=USA&customerType=B2C&salesChannel=ECOMM&preview=false&lineCode=DUR&partNumber=323-1662
323-1663,82790,Chevrolet,https://www.autozone.com/external/product-discovery/product/v1/products/82790/fitments?country=USA&customerType=B2C&salesChannel=ECOMM&preview=false&lineCode=DUR&partNumber=323-1663
323-1663,82790,GMC,https://www.autozone.com/external/product-discovery/product/v1/products/82790/fitments?country=USA&customerType=B2C&salesChannel=ECOMM&preview=false&lineCode=DUR&partNumber=323-1663
323-255,1237763,Buick,https://www.autozone.com/external/product-discovery/product/v1/products/1237763/fitments?country=USA&customerType=B2C&salesChannel=ECOMM&preview=false&lineCode=DUR&partNumber=323-255
323-255,1237763,Cadillac,https://www.autozone.com/external/product-discovery/product/v1/products/1237763/fitments?country=USA&customerType=B2C&salesChannel=ECOMM&preview=false&lineCode=DUR&partNumber=323-255
323-255,1237763,Chevrolet,https://www.autozone.com/external/product-discovery/product/v1/products/1237763/fitments?country=USA&customerType=B2C&salesChannel=ECOMM&preview=false&lineCode=DUR&partNumber=323-255
323-255,1237763,GMC,https://www.autozone.com/external/product-discovery/product/v1/products/1237763/fitments?country=USA&customerType=B2C&salesChannel=ECOMM&preview=false&lineCode=DUR&partNumber=323-255
323-255,1237763,Oldsmobile,https://www.autozone.com/external/product-discovery/product/v1/products/1237763/fitments?country=USA&customerType=B2C&salesChannel=ECOMM&preview=false&lineCode=DUR&partNumber=323-255
323-255,1237763,Pontiac,https://www.autozone.com/external/product-discovery/product/v1/products/1237763/fitments?country=USA&customerType=B2C&salesChannel=ECOMM&preview=false&lineCode=DUR&partNumber=323-255
323-364,1237656,Buick,https://www.autozone.com/external/product-discovery/product/v1/products/1237656/fitments?country=USA&customerType=B2C&salesChannel=ECOMM&preview=false&lineCode=DUR&partNumber=323-364
323-364,1237656,Cadillac,https://www.autozone.com/external/product-discovery/product/v1/products/1237656/fitments?country=USA&customerType=B2C&salesChannel=ECOMM&preview=false&lineCode=DUR&partNumber=323-364
323-364,1237656,Chevrolet,https://www.autozone.com/external/product-discovery/product/v1/products/1237656/fitments?country=USA&customerType=B2C&salesChannel=ECOMM&preview=false&lineCode=DUR&partNumber=323-364
323-364,1237656,GMC,https://www.autozone.com/external/product-discovery/product/v1/products/1237656/fitments?country=USA&customerType=B2C&salesChannel=ECOMM&preview=false&lineCode=DUR&partNumber=323-364
323-364,1237656,Oldsmobile,https://www.autozone.com/external/product-discovery/product/v1/products/1237656/fitments?country=USA&customerType=B2C&salesChannel=ECOMM&preview=false&lineCode=DUR&partNumber=323-364
323-364,1237656,Pontiac,https://www.autozone.com/external/product-discovery/product/v1/products/1237656/fitments?country=USA&customerType=B2C&salesChannel=ECOMM&preview=false&lineCode=DUR&partNumber=323-364
323-367,1237743,Buick,https://www.autozone.com/external/product-discovery/product/v1/products/1237743/fitments?country=USA&customerType=B2C&salesChannel=ECOMM&preview=false&lineCode=DUR&partNumber=323-367
323-367,1237743,Cadillac,https://www.autozone.com/external/product-discovery/product/v1/products/1237743/fitments?country=USA&customerType=B2C&salesChannel=ECOMM&preview=false&lineCode=DUR&partNumber=323-367
323-367,1237743,Chevrolet,https://www.autozone.com/external/product-discovery/product/v1/products/1237743/fitments?country=USA&customerType=B2C&salesChannel=ECOMM&preview=false&lineCode=DUR&partNumber=323-367
323-367,1237743,GMC,https://www.autozone.com/external/product-discovery/product/v1/products/1237743/fitments?country=USA&customerType=B2C&salesChannel=ECOMM&preview=false&lineCode=DUR&partNumber=323-367
323-367,1237743,Oldsmobile,https://www.autozone.com/external/product-discovery/product/v1/products/1237743/fitments?country=USA&customerType=B2C&salesChannel=ECOMM&preview=false&lineCode=DUR&partNumber=323-367
323-480,1255747,Buick,https://www.autozone.com/external/product-discovery/product/v1/products/1255747/fitments?country=USA&customerType=B2C&salesChannel=ECOMM&preview=false&lineCode=DUR&partNumber=323-480
323-480,1255747,Cadillac,https://www.autozone.com/external/product-discovery/product/v1/products/1255747/fitments?country=USA&customerType=B2C&salesChannel=ECOMM&preview=false&lineCode=DUR&partNumber=323-480
323-480,1255747,Chevrolet,https://www.autozone.com/external/product-discovery/product/v1/products/1255747/fitments?country=USA&customerType=B2C&salesChannel=ECOMM&preview=false&lineCode=DUR&partNumber=323-480
323-480,1255747,Pontiac,https://www.autozone.com/external/product-discovery/product/v1/products/1255747/fitments?country=USA&customerType=B2C&salesChannel=ECOMM&preview=false&lineCode=DUR&partNumber=323-480
323-485,1237806,Cadillac,https://www.autozone.com/external/product-discovery/product/v1/products/1237806/fitments?country=USA&customerType=B2C&salesChannel=ECOMM&preview=false&lineCode=DUR&partNumber=323-485
323-485,1237806,Chevrolet,https://www.autozone.com/external/product-discovery/product/v1/products/1237806/fitments?country=USA&customerType=B2C&salesChannel=ECOMM&preview=false&lineCode=DUR&partNumber=323-485
323-485,1237806,GMC,https://www.autozone.com/external/product-discovery/product/v1/products/1237806/fitments?country=USA&customerType=B2C&salesChannel=ECOMM&preview=false&lineCode=DUR&partNumber=323-485
323-485,1237806,Oldsmobile,https://www.autozone.com/external/product-discovery/product/v1/products/1237806/fitments?country=USA&customerType=B2C&salesChannel=ECOMM&preview=false&lineCode=DUR&partNumber=323-485
336-1042,1254975,Chrysler,https://www.autozone.com/external/product-discovery/product/v1/products/1254975/fitments?country=USA&customerType=B2C&salesChannel=ECOMM&preview=false&lineCode=DUR&partNumber=336-1042
336-1042,1254975,Dodge,https://www.autozone.com/external/product-discovery/product/v1/products/1254975/fitments?country=USA&customerType=B2C&salesChannel=ECOMM&preview=false&lineCode=DUR&partNumber=336-1042
336-1042,1254975,Plymouth,https://www.autozone.com/external/product-discovery/product/v1/products/1254975/fitments?country=USA&customerType=B2C&salesChannel=ECOMM&preview=false&lineCode=DUR&partNumber=336-1042
336-2041a,1255510,Chrysler,https://www.autozone.com/external/product-discovery/product/v1/products/1255510/fitments?country=USA&customerType=B2C&salesChannel=ECOMM&preview=false&lineCode=DUR&partNumber=336-2041a
336-2041a,1255510,Dodge,https://www.autozone.com/external/product-discovery/product/v1/products/1255510/fitments?country=USA&customerType=B2C&salesChannel=ECOMM&preview=false&lineCode=DUR&partNumber=336-2041a
336-2041a,1255510,Jeep,https://www.autozone.com/external/product-discovery/product/v1/products/1255510/fitments?country=USA&customerType=B2C&salesChannel=ECOMM&preview=false&lineCode=DUR&partNumber=336-2041a
336-2041a,1255510,Volkswagen,https://www.autozone.com/external/product-discovery/product/v1/products/1255510/fitments?country=USA&customerType=B2C&salesChannel=ECOMM&preview=false&lineCode=DUR&partNumber=336-2041a
336-2212a,1254352,Chrysler,https://www.autozone.com/external/product-discovery/product/v1/products/1254352/fitments?country=USA&customerType=B2C&salesChannel=ECOMM&preview=false&lineCode=DUR&partNumber=336-2212a
336-2212a,1254352,Dodge,https://www.autozone.com/external/product-discovery/product/v1/products/1254352/fitments?country=USA&customerType=B2C&salesChannel=ECOMM&preview=false&lineCode=DUR&partNumber=336-2212a
336-2212a,1254352,Jeep,https://www.autozone.com/external/product-discovery/product/v1/products/1254352/fitments?country=USA&customerType=B2C&salesChannel=ECOMM&preview=false&lineCode=DUR&partNumber=336-2212a
337-1028,1254815,Cadillac,https://www.autozone.com/external/product-discovery/product/v1/products/1254815/fitments?country=USA&customerType=B2C&salesChannel=ECOMM&preview=false&lineCode=DUR&partNumber=337-1028
337-1028,1254815,Oldsmobile,https://www.autozone.com/external/product-discovery/product/v1/products/1254815/fitments?country=USA&customerType=B2C&salesChannel=ECOMM&preview=false&lineCode=DUR&partNumber=337-1028
337-1028,1254815,Pontiac,https://www.autozone.com/external/product-discovery/product/v1/products/1254815/fitments?country=USA&customerType=B2C&salesChannel=ECOMM&preview=false&lineCode=DUR&partNumber=337-1028
337-1155,1256350,Dodge,https://www.autozone.com/external/product-discovery/product/v1/products/1256350/fitments?country=USA&customerType=B2C&salesChannel=ECOMM&preview=false&lineCode=DUR&partNumber=337-1155
